Chrissie,Penticost
De witt,Server
Marcel,Abbay
Izabel,Busch
Augusta,Bigly
Amalle,Pavese
Belvia,Snawdon
Axel,McGeachie
Ramsey,Whether
Alessandro,Durgan
Xymenes,Mc Caughen
Vinita,MacGaffey
Thomasine,Jopke
Gunar,Gentry
Montague,Larmett
Kori,Kleinpeltz
Niels,Viveash
Morgen,Wiburn
Mareah,Witherden
Gill,Laird
Adolph,Dri
Augusta,Thackston
Flossie,Brownlee
Jobina,Coal
Naomi,McKerrow
Noam,Audley
Raul,Sloat
Honor,Lightollers
Celeste,MacCallister
Melita,Crannell
Tirrell,Drinkel
Gibby,Saich
Micky,Cliffe
Coleen,Elsom
Noel,Pochet
Kevyn,Yurinov
Rafaelia,Pringell
Winnifred,Pickworth
Jo-ann,Wiggin
Marti,Childs
Bram,Bream
Reinhard,Rigmond
Pavlov,Jossel
Denice,Chesshire
Gregorio,Beadnell
Rolfe,Barbera
Liam,Cockburn
Allyn,Rosiello
Carlye,Peres
Sasha,Montrose
Enoch,Ragless
Mayne,Schankelborg
Mirilla,Kingswood
Hunfredo,MacKonochie
Myrtia,Highman
Celestine,Still
Meir,Tinkler
Zandra,Flegg
Brewster,Stirrip
Jaimie,Scholler
Jaquelyn,Gerasch
Ina,Twitty
Gram,Magson
Krystyna,Rudland
Kaitlyn,Rickards
Veronique,Coath
Corry,Eyden
Don,Christon
Garwood,Ebden
Berni,Skeene
Thedric,Colafate
Trever,Fishbourn
Claudia,Borris
Hoebart,Berthomier
Millie,Housecroft
Haze,Parvin
Chip,Licciardo
Jerri,Triswell
Sindee,Lilford
Kinny,Lafferty
Hall,Shorter
Eloise,Shemmans
Berry,Karleman
Waverly,Sinnocke
Oswell,Songer
Marilee,Cooling
Sofie,Beverage
Fredi,McKeighen
Deb,Shipman
Vanni,Rookeby
Doti,Peterson
Hilary,Jull
Marcia,Dict
Lucine,Ohrtmann
Giralda,Dupree
Bamby,Stoney
Trstram,Tredgold
Hobard,Yanuk
Livvyy,Linebarger
Alvera,Vivians
Witty,Sedcole
Dian,Cazalet
Ardella,Reinhard
Cristabel,Rigg
Annecorinne,Leighton
Janessa,Saby
Beilul,Manthroppe
Morten,Prewer
Myrvyn,Dreelan
Nora,Adolthine
Shep,Arents
Phillie,MacFadden
Cyb,Conduit
Hanna,Horney
Avigdor,Thickens
Hyatt,Ree
Maisie,Dawley
Andros,Lourens
Mada,Brecknall
Arman,Klemt
Hilda,Chalice
Wilow,Seiler
Alain,Bertrand
Ignaz,Zimmermanns
Mohandas,Boykett
Tate,Minshall
Tuck,Kloisner
Madge,Commins
Serena,Harcarse
Tanny,Aynsley
Lester,Seide
Jessamine,Boig
Cinnamon,Blest
Orv,Bullier
Erin,Saffran
Jenine,Lascelles
Willa,Tubridy
Dani,Lyston
Link,Karchowski
Katusha,Brogi
Lisa,Detheridge
Jana,Petrakov
Hadrian,Altofts
Giana,McGeorge
Liva,Ickovici
Malissia,Verzey
Pennie,Dowzell
Noak,Artis
Cherianne,Wickardt
Pearline,Hughs
Muffin,Hambridge
Zebadiah,Patters
Zarah,Duly
Alphonse,Cardew
Abel,Lamyman
Kirby,Geer
Marcus,Skim
Layla,McMackin
Briano,Davenhall
Claudina,Goodlake
Rozanna,China
Lemmy,Sowersby
Shir,Bartoszek
Issie,Spread
Lyndsay,Davidesco
Kessia,Pherps
Terence,Schutt
Lorelei,Tuttiett
Carlotta,Folliott
Karoline,Bletsoe
Nicki,Hardage
Gherardo,Bussen
Aubrey,Brammall
Robb,Heis
Ange,Ipsly
Dennison,Burditt
Clair,Hoovart
Andris,Corrington
Allegra,Yashin
Demetrius,Gudahy
Vanya,Franciottoi
Kayle,Stanwix
Gwenni,Wrangle
Devon,Sinnock
Aileen,McKeever
Bevon,Huby
Oriana,Brunsdon
Callida,Marsie
Leo,Sottell
Walker,Twelves
Hew,Lathaye
Concordia,Purdie
Artemus,Quig
Pamelina,Lutman
Jennica,Miche
Galen,Watkins
Garvey,Mulder
Farrah,Fulkes
Krysta,Harsant
Marcellina,Flegg
Kennan,Hards
Ansel,Rosborough
Blair,Sheldrick
Legra,Clendennen
Manya,Fairchild
Chandal,Paumier
Willabella,Lauthian
Jordana,Allworthy
Ernie,Brister
Malina,Patten
Corabelle,Cockin
Jerri,Kloisner
Tillie,Guise
Elisa,Valdes
Joyan,Rich
Jada,Varvara
Carlo,Rolance
Tracie,Jessett
Vonni,Eaddy
Daveta,Torregiani
Hanson,Daglish
Erskine,Loynes
Daniela,Jagg
Sunny,Clappson
Harwilll,Oleszczak
Hillary,Temperley
Harold,De Michele
Edita,Gilberthorpe
Todd,Lammerding
Joanne,Kingston
Jehanna,Chastel
Dora,Roskeilly
Bordie,Larrie
Vivyan,Firks
Benny,Natalie
Danni,Cummins
Dorise,Sall
Rowe,Payler
Gert,Fincke
Hi,Vanshin
Ab,Valenta
Alva,Stieger
Salvidor,Dust
Lita,Badrock
Sabrina,Truett
Wallie,Thurber
Erinn,Deboy
Buddie,Ordish
Fairfax,McAviy
Wolfie,Kaufman
Shandra,Yellowlee
Deva,Chaddock
Sunny,St. Clair
Zonnya,Beminster
Marcie,Ramsdell
Laraine,Feake
Agata,Snoxell
Theadora,Flarity
Llywellyn,Pifford
Vi,Menel
Nessy,Knoble
Lorain,Hattigan
Ninon,Hawken
Izabel,Ody
Rolando,Houlden
Luca,Pratley
Angele,Theodoris
Minny,Gritsaev
Shaw,Tailby
Tobie,Novotni
Felipe,Noller
Ibbie,Oxbie
Prudi,Semark
Cookie,Rumsby
Wyatt,Sheerman
Baillie,Gehring
Bethina,Price
Chevy,Perazzo
Branden,Abramcik
Othilie,Panting
Jarred,Looks
Elberta,Dubois
Brooks,Gostage
Fania,Latore
Nye,Baccus
Bald,Musto
Elfrida,Attwood
Freeland,Addey
Wilmar,Slowly
Dedra,Coat
Idalia,Stallen
Ferris,Filippucci
Zaneta,McKelvey
Misty,Kydde
Gunilla,Peperell
Teri,Rivenzon
Daphene,Bagot
Gaylord,Stronach
Royall,Regnard
Stevena,Schuh
Aksel,Haslock(e)
Dredi,Bagnall
Claretta,Domleo
Alanson,Champken
Nerita,Pau
Ashia,Skala
Amalita,Spaven
Morgen,Raw
Salomi,Kepling
Keen,Swyer-Sexey
Fayette,Hillburn
Haley,Sacks
Chadd,Grooby
Leoine,Le Guin
Gennifer,Hendrik
Chic,Lalley
Mikol,Joselin
Quincy,Durrell
Martin,Riceards
Tiphany,McVeagh
Dedie,Meininking
Gaye,Mutter
Lucilia,Freegard
Bethina,Davidsson
Ava,Cullimore
Clareta,Matic
Caz,McNevin
Nata,Oxbie
Giffie,Corroyer
Anson,Lepper
Tiffany,O'Daly
Maurine,Sanz
Germana,Neesham
Ina,Havoc
Elle,Hearnes
Virgie,Kornalik
Ardelia,Bloxham
Tamar,Saylor
Ethe,O'Corrigane
Saunder,Lindenboim
Jorge,Tarbet
Britte,Summerly
Jordana,Conew
Andreas,Brownsworth
Trey,Checketts
Manolo,Carnegy
Flem,Road
Aliza,Pirrey
Beatrice,McEntegart
Isidor,Sallowaye
Valli,Barbier
Fergus,Gollard
Lenore,Grzelczak
Haskell,Slatten
Desmund,Conigsby
Orton,Matzen
Barri,Cheson
Wallas,Wratten
Meg,Ferrario
Kelbee,Finkle
Errol,Sissel
Nydia,Beckwith
Cam,Willbond
Lavinie,Osselton
Dana,McGinty
Fidela,Troup
Meriel,Aronowicz
Lenka,Greetham
Mina,Sleet
Lucas,Wheelwright
Mercedes,Sighart
Taffy,Muldownie
Arthur,Boughey
Clarey,McLaine
Ruprecht,Thunder
Roanna,Pesticcio
Neville,Mendez
Quinton,Witchell
Jedd,Causon
Bord,Guyan
Teodorico,Hughman
Cindie,Cray
Philipa,Mugleston
Daffy,Facer
Juli,Brodbin
Kora,Di Biasio
Ric,Print
Homerus,Maudlin
Mandie,Stoodley
Mercedes,Wehner
Laurene,Kiltie
Willi,Swatland
Darcy,Stranieri
Mersey,Molden
Carissa,Hazelgrove
Kalli,Draycott
Antonietta,Philpin
Laurette,Hickisson
Moreen,Davidman
Barr,Burehill
Murial,Whatson
Oliy,Osband
Tatum,Maseyk
Alberta,Littleton
Yehudi,Danat
Kailey,Worham
Kleon,Alderman
Ruby,Fowls
Marylinda,Bagenal
Corry,Pray
Adelaide,Whall
Timoteo,Neeves
Edmon,De Witt
Krisha,Rhydderch
Coreen,Fanning
Cad,Sibray
Meagan,Leven
Noni,Eloy
Nell,Kitchenham
Keelia,Liddington
Rodney,O'Spellissey
Tito,Craigs
Desmond,Wharrier
Hannah,Titcumb
Aigneis,Drabble
Analiese,McMurrugh
Glen,Apple
Iver,Yellep
Frazier,Grannell
Harold,Abys
Sigismundo,Lodo
Francesca,O'Fallowne
Yuri,Keattch
Bryn,Pennini
Mead,Pinnock
Neile,Brewers
Sunny,Testo
Gianni,Matevosian
Bunnie,Saiens
Saundra,Redon
Conway,McAlindon
Arnoldo,Tooley
Nanon,Cavolini
Wilbur,Coulling
Tandy,O'Leary
Zaneta,Marcroft
Lind,Keasley
Gerda,Blaymires
Mallory,Fillary
Laetitia,Melesk
Ferdy,Bannard
Arlette,Cuckoo
Lev,Alexandersen
Giselle,Philipp
Queenie,Doonican
Ellissa,Gindghill
Brandise,Dawkes
Yves,Furst
Michaela,Allnatt
Ambrosi,Tort
Almeda,Purvess
Dalston,Tunn
Lammond,Kohrs
Jacqui,Rochford
Abigale,Lister
Krishna,MacAindreis
Grace,Ainsworth
Moyna,Shrimplin
Anny,Watkiss
Adaline,Blaszczak
Karlotta,Shardlow
Pauli,Heinel
Lionel,Meale
Ellsworth,Coite
Amberly,Hamlet
Edouard,Skittles
Shay,Temporal
Klara,Yushachkov
Isadora,Shermar
Milt,Martinovsky
Constantina,Kermannes
Marney,Kiffin
Genny,Landor
Celestyn,Queste
Franklyn,Allwell
Florentia,Borborough
Fletcher,Olijve
Paulie,Eubank
Leland,Hammerman
Kahaleel,Pashan
Theodore,Saphin
Felicle,Eckersall
Ann,de Chastelain
Braden,Ewens
Winnah,Dovinson
Lusa,Larne
Cherey,Padkin
Nicko,Pashan
Vinson,Savoury
Jory,Thor
Ann-marie,Dwire
Charla,Galler
Artus,Peret
El,Tosdevin
Guthrie,Boys
Suzette,Tohill
Katie,McAvaddy
Ainslee,McQuillen
Noll,Carine
Joan,Tompion
Juanita,Blennerhassett
Eve,Rosie
Farly,Rosi
Kenn,Denge
Arlana,Blakeborough
Aggy,Deacock
Eben,Shelmerdine
Philis,Rowthorne
Lisabeth,Ianniello
Bartolemo,Shildrake
Gabriele,McGiffin
Norene,Dwelling
Jocko,Bungey
Hillary,Malone
Morgana,Spurdle
Mattie,Robelow
Eda,Tebbett
Zarah,Shekle
Blaire,Putman
Selene,Hambric
Brana,Trembath
Jessie,Morrid
Isador,Pencott
Mark,Grammer
Paxton,Ostridge
Morley,Wixey
Estel,Nutton
Gaelan,Standidge
Wynn,Fennelly
Brucie,Kobpa
Aurel,Shapcote
Michal,Davidovics
Nikos,Haddon
Alfonse,Mothersdale
Oswald,Hayden
Koren,Cogger
Joana,Waddoups
Keefe,Hattoe
Kali,Oldnall
Angy,Isakson
Willetta,Schultz
Vince,Bjerkan
Freida,Pesek
Kenon,Tullett
Mala,Arnau
Abbey,Order
Dell,Sabate
Paten,Edsall
Sayre,Checchi
Yolane,Lurcock
Cahra,Joselson
Angil,Swanson
Aubert,Rayworth
Enid,Tafani
Dolf,Hosburn
Doll,Berg
Stepha,Hansell
Kally,Aspland
Jody,Winfrey
Moyna,Langstone
Estella,Curness
Obediah,Elldred
Kristofer,Derkes
Gav,Gatheridge
Gwenora,Denson
Percival,Lazenbury
Mendie,Philson
Ariela,Mendenhall
Anna,Comley
Jaquelyn,Kinnen
Tomlin,Volke
Marcelle,Milsom
Joseito,Sandels
Kathleen,Maylor
Jonas,Marikhin
Daisy,MacTrustam
Gard,Snell
Hailey,Spadelli
Jo ann,Bennie
Traci,Honeywood
Cherry,Diable
Nettle,D'Onisi
Alfi,McCart
Findlay,Peaden
Kissie,Rittelmeyer
Faustine,Braunle
Saleem,McEnteggart
Normand,Parsonson
Joshia,Freeborne
Shirley,Vicary
Clarita,Veryan
Haley,Gabbitas
Scarlett,Pebworth
Penn,Cariss
Giulia,Oliva
Cleve,Stathers
Nelle,Grew
Neil,Burnside
Tybie,Savill
Dorolice,Alldridge
Kore,O'Longain
Theadora,Sinkinson
Sydelle,Kubiczek
Maxwell,Dwane
Gabriell,Brimelow
Carrol,Conklin
Jorrie,Barrs
Calla,Craufurd
Kenna,Stanford
Jessey,Malia
Maurise,Champion
Frasquito,Leguey
Tasia,Jesper
Jermayne,Oxtoby
Reine,Bergin
Noah,Poon
Prissie,Huncoot
Alexandre,Wisbey
Ansley,Elham
Gratia,Elstone
Anallese,Mallion
Matthaeus,Morshead
Creigh,Blasio
Joyan,McMurty
Patrick,Woofinden
Liane,Chatband
Mamie,Nicolls
Arny,Livermore
Forster,Nicholson
Harland,Clutten
Desmund,Patriche
Padriac,MacKeeg
Elora,Epinay
Matthew,Marvel
Free,Pool
Alberta,Cowe
Glendon,Colbridge
Orelee,Dermott
Britt,Pardoe
Jermain,De Angelo
Darlene,Brome
Huntley,Mote
Wynn,Poynter
Carmelia,Twydell
Blondie,Birchner
Belle,Parnaby
Jonathan,Bamforth
Caesar,Fidelus
Randi,Mc Giffin
Roch,Josskovitz
Janeta,Jardine
Reiko,Fright
Kristian,Leacock
Humphrey,Lacknor
Inna,Clevely
Jan,Creech
Kristan,Sellar
Saxe,Souster
Homerus,Loving
Keir,Lynthal
Corey,Seneschal
Ashly,Piggins
Herta,Luten
Durante,Bourne
Kyla,Volant
Judi,Dallyn
Nesta,Sherr
Laurens,Garton
Shelley,Ruusa
Laurena,Bainbrigge
Kev,Philpotts
Nissy,Kurten
Frazier,Jude
Brandais,Constantinou
Easter,Peperell
Kristi,Bovingdon
Allen,Mendenhall
Beverlie,Negal
Abigael,Spring
Tamas,Ledekker
Elnore,Cumberlidge
Chadwick,Crampsey
Britni,Woodcock
Tallia,Merrigans
Emili,Garces
Carmelita,Shirland
Zacharia,Entwisle
Mikaela,Christophersen
Tani,Matteini
Paxon,Sappson
Cecilio,Tumielli
Tristam,Mattock
Alyss,Belfitt
Melantha,Giacobo
Budd,Hainey`
Marybelle,Draude
Gussi,Mecco
Christabella,Longbothom
Ruthi,Cacacie
Pietrek,De Bruijn
Deb,Masse
Chrystal,Beaconsall
Sigismond,Lowde
Julee,Bradbeer
Gayla,Harden
Rhodie,Fitchet
Halimeda,Orris
Joane,Goodburn
Mickie,Bosomworth
Evelin,Loftus
Spike,Benko
Kort,Byas
Kerwin,Sheehan
Reeva,Guest
Ora,Cowndley
Wanids,Sysland
Earl,Ballendine
Reginauld,Panichelli
Fredek,Buzek
Darbee,Bright
Tamarah,Panons
Maryjane,Diemer
Westbrooke,Blunden
Philippe,Rider
Silvano,Collar
Kenon,Pitceathly
Scottie,Birnie
Reece,Nannizzi
Sean,Chasle
Harmonia,Bolles
Harry,Quincey
Zora,McKinnell
Krystal,Risdale
Kath,Peers
Marci,Alman
Gusella,Danielot
Willie,Gooderridge
Beale,Gullan
Jobi,Prowting
Keen,Chanders
Edgardo,Ede
Scarlett,Egiloff
Wilmette,Lorkin
Isidro,St. Ledger
Marcellus,Greswell
Tammie,Grogona
Christoffer,Treamayne
Chadd,Greetham
Wheeler,Elsay
Hazel,Stone Fewings
Daren,Kryska
Kally,Eyckel
Cecilia,Casson
Verge,Sloley
Darcee,Cluley
Heath,Andrzejewski
Pen,Bracci
Lillis,Grigor
Winfred,Chadwick
Westley,Beel
Wake,Goodluck
Jilleen,Kerwood
Ogdon,Philippault
Fanchette,Shemelt
Vitoria,Waterland
Lilias,Ponnsett
Janella,Battey
Delia,McNab
Selestina,Ambroisin
Grantley,Fones
Kelcie,Hazelton
Sadie,Tomala
Ferguson,Whittick
Isabeau,Prestwich
Mandel,Aleksashin
Fredi,Kapiloff
Gwenni,Savage
Hillie,Yerlett
Dorian,Rennicks
Ivor,Hast
Berrie,Rountree
Curcio,Berg
Albina,Mycroft
Duncan,Chevis
Juliane,Bompass
Jo,Di Iorio
Ranee,Stammirs
Jacinta,Treherne
Libbie,Lett
Desiri,Foulkes
Sheffie,Conti
Emmie,Fulmen
Shena,Kerin
Leora,Moppett
Andie,Dickin
Matty,Buney
Tillie,Maeer
Waylin,Beggio
Andreana,Twaits
Novelia,Tregunnah
Shaun,Heak
Hyacinthie,Checci
Woodie,Dallas
Tod,Tidbold
Adoree,Djorvic
Leta,Feldstein
Carmine,Pettis
Elisabet,Aingel
Emmalynn,Scampion
Lelah,Nutkin
Minny,Gosland
Muire,Kiddye
Oliy,Andrat
Cristie,Monnoyer
Amy,Stieger
Roger,Alphonso
Hirsch,Dunderdale
Bev,Pembery
Demetrius,Keogh
Elle,Gilpin
Kristin,Seamark
Nerta,Twycross
Patrizia,Kinset
Jessi,Basnett
Perry,Grason
Kynthia,Shillabear
Brooke,Bispham
Baryram,Truitt
Aurlie,Motto
Jean,Ironmonger
Cyndia,Osgordby
Ulises,Willoughby
Liane,Wellsman
Rubia,Arnald
Jude,Grinin
Casar,Wayman
Alberto,Hakonsson
Loise,MacCallion
Katya,Tithecote
Boony,Bartrum
Tonya,Eastgate
Kalina,Spyby
Corbett,Hazelby
Sonnie,Burgis
Donaugh,Harken
Olly,Neath
Rodina,Sellen
Helge,Yandell
Baudoin,Rosgen
Jordana,Barlace
Darnell,Ferrotti
Cherri,Stickens
Petey,Finlason
Teodorico,Gerrit
Sheila,O' Hogan
Cara,Bamlet
Jordon,Exell
Renaldo,Gotch
Durante,Couldwell
Ardra,Pappi
Hedi,Kettridge
Bellanca,Zecchetti
Bonnibelle,Elgie
Belia,Pumphreys
Wilek,Christin
Kenyon,Peplow
Alan,Cansdill
Kassie,Cail
Lloyd,Knowles
Ferrel,Ganders
Loydie,Mullord
Farrell,McColley
Klarrisa,Hickeringill
Loise,Gilleon
Luther,Radbourn
Hedwig,Mingasson
Theadora,Penhalewick
Drusie,Wehner
Klemens,Surman
Zachery,Madle
Smith,O'Beirne
Kaitlin,Burkin
Susana,Yeandel
Leonid,Gluyus
Karolina,Tchaikovsky
Margie,Beaston
Rorie,Van Leeuwen
Cornelia,Klaas
Barbie,Delouch
Emmett,Garthside
Ransom,Slocom
Joey,Greveson
Ebonee,Duffie
Brenda,Havis
Doyle,Gidden
Andriana,Lillico
Ethelred,Farleigh
Chelsie,Ovill
Mord,Stenson
Mareah,Tiplady
Vincents,Acaster
Graeme,Stears
Culver,Filippazzo
Samantha,Burdess
Genia,Summerson
Gene,Eacle
Kevan,Feasley
Opaline,Fishlee
Deena,Pockey
Phillipp,Kenrack
Kacey,Laviss
Klement,Jacomb
Abdul,Mansell
Cloe,Shellum
Angelica,Vondruska
Jackie,Veronique
Julietta,Deaconson
Audy,Tease
Dalston,Burges
Lil,Gullane
Jackson,Bliven
Maribel,de Marco
Ransom,Blankenship
Adan,Driver
Ddene,Chazerand
Rowney,Mablestone
Alisha,Roll
Anderson,Sidary
Luciana,Dairton
Cobb,Byres
Miguel,Teggart
Glennie,Yanyushkin
Brigid,Avrashin
Kaela,Shafier
Katharine,Ausher
Flore,Bunney
Johnny,Blonden
Phebe,Torbett
Fallon,Maleck
Inglis,Potapczuk
Darcy,Dilland
Katie,Boyen
Nikolos,Silman
Nickie,Shapter
Caralie,Garm
Christian,Ferriere
Westleigh,Marchand
Nevins,Habbal
Legra,Forlonge
Hesther,Huleatt
Aeriell,Shefton
Jannel,Shay
Glennis,Vearncombe
Lamont,Fiddyment
Rebbecca,Ollie
Kathlin,Kytley
Sigrid,Royl
Danice,La Grange
Vivian,Mcwhinney
Baldwin,Timbridge
Larine,Stear
Esteban,Quirk
Temple,Goldman
Hill,Dimeloe
Matthias,Orhrt
Darin,Ingarfill
Alia,Klimushev
Augy,Gillett
Elana,Cator
Tabbie,Maud
Hetti,McGillecole
Melesa,Jefferys
Felice,Matthieson
Abram,Pikett
Iris,Dermot
Woodie,Duchenne
Herold,Hearsey
Editha,Bicker
Ingunna,Gazey
Roch,Broomhead
Bo,Hullin
Constance,Handscomb
Joli,Clarke
Hewitt,Andrioli
Briney,McNysche
Jada,Winteringham
Rayshell,Mc Ilory
Templeton,Leveret
Mathew,Matura
April,Glide
